-- MySQL Script generated by MySQL Workbench
-- Sat Feb 10 11:55:09 2018
-- Model: New Model    Version: 1.0
-- MySQL Workbench Forward Engineering

SET @OLD_UNIQUE_CHECKS=@@UNIQUE_CHECKS, UNIQUE_CHECKS=0;
SET @OLD_FOREIGN_KEY_CHECKS=@@FOREIGN_KEY_CHECKS, FOREIGN_KEY_CHECKS=0;
SET @OLD_SQL_MODE=@@SQL_MODE, SQL_MODE='TRADITIONAL,ALLOW_INVALID_DATES';

-- -----------------------------------------------------
-- Schema instuif
-- -----------------------------------------------------

-- -----------------------------------------------------
-- Schema instuif
-- -----------------------------------------------------
CREATE SCHEMA IF NOT EXISTS `instuif` DEFAULT CHARACTER SET utf8 ;
USE `instuif` ;

-- -----------------------------------------------------
-- Table `instuif`.`Team`
-- -----------------------------------------------------
DROP TABLE IF EXISTS `instuif`.`Team` ;

CREATE TABLE IF NOT EXISTS `instuif`.`Team` (
  `id` INT NOT NULL AUTO_INCREMENT,
  `TeamNaam` VARCHAR(45) NULL,
  `AanmaakDatum` DATE NULL,
  PRIMARY KEY (`id`))
ENGINE = InnoDB;


-- -----------------------------------------------------
-- Table `instuif`.`Rol`
-- -----------------------------------------------------
DROP TABLE IF EXISTS `instuif`.`Rol` ;

CREATE TABLE IF NOT EXISTS `instuif`.`Rol` (
  `id` INT NOT NULL AUTO_INCREMENT,
  `RolNaam` VARCHAR(255) NULL,
  PRIMARY KEY (`id`))
ENGINE = InnoDB;


-- -----------------------------------------------------
-- Table `instuif`.`Leiding`
-- -----------------------------------------------------
DROP TABLE IF EXISTS `instuif`.`Leiding` ;

CREATE TABLE IF NOT EXISTS `instuif`.`Leiding` (
  `id` INT NOT NULL AUTO_INCREMENT,
  `Voornaam` VARCHAR(45) NULL,
  `Tussenvoegsel` VARCHAR(45) NULL,
  `Achternaam` VARCHAR(45) NULL,
  `Straat` VARCHAR(45) NULL,
  `Huisnummer` char(11) NULL,
  `Toevoegsel` varchar(25) null,
  `Postcode` CHAR(6) NULL,
  `Woonplaats` VARCHAR(45) NULL,
  `MobieleNummer` CHAR(10) NULL,
  `EmailAdres` VARCHAR(255) NULL,
  `Rol_id` INT NOT NULL,
  `live` INT(1) NOT NULL,
  PRIMARY KEY (`id`, `Rol_id`),
  INDEX `fk_Leiding_Rol_idx` (`Rol_id` ASC),
  CONSTRAINT `fk_Leiding_Rol`
    FOREIGN KEY (`Rol_id`)
    REFERENCES `instuif`.`Rol` (`id`)
    ON DELETE NO ACTION
    ON UPDATE NO ACTION)
ENGINE = InnoDB;


-- -----------------------------------------------------
-- Table `instuif`.`Team_has_Leiding`
-- -----------------------------------------------------
DROP TABLE IF EXISTS `instuif`.`Team_has_Leiding` ;

CREATE TABLE IF NOT EXISTS `instuif`.`Team_has_Leiding` (
  `Team_id` INT NOT NULL,
  `Leiding_id` INT NOT NULL,
  PRIMARY KEY (`Team_id`, `Leiding_id`),
  INDEX `fk_Team_has_Leiding_Leiding1_idx` (`Leiding_id` ASC),
  INDEX `fk_Team_has_Leiding_Team1_idx` (`Team_id` ASC),
  CONSTRAINT `fk_Team_has_Leiding_Team1`
    FOREIGN KEY (`Team_id`)
    REFERENCES `instuif`.`Team` (`id`)
    ON DELETE NO ACTION
    ON UPDATE NO ACTION,
  CONSTRAINT `fk_Team_has_Leiding_Leiding1`
    FOREIGN KEY (`Leiding_id`)
    REFERENCES `instuif`.`Leiding` (`id`)
    ON DELETE NO ACTION
    ON UPDATE NO ACTION)
ENGINE = InnoDB;


SET SQL_MODE=@OLD_SQL_MODE;
SET FOREIGN_KEY_CHECKS=@OLD_FOREIGN_KEY_CHECKS;
SET UNIQUE_CHECKS=@OLD_UNIQUE_CHECKS;
INSERT INTO  `instuif`.`team` (`id`, `TeamNaam`, `AanmaakDatum`) VALUES
(1, 'S-Team', '2018-02-01'),
(2, 'A-Team', '2018-02-01'),
(3, 'Team SuperMan', '2018-02-01');

INSERT INTO `instuif`.`rol` (`id`, `RolNaam`) VALUES
(1, 'Leiding'),
(2, 'Teamleider'),
(3, 'Voorzitter');

INSERT INTO `instuif`.`leiding` (`id`, `Voornaam`,`Achternaam`, `Straat`, `Huisnummer`, `Postcode`, `Woonplaats`, `MobieleNummer`, `EmailAdres`, `Rol_id`,`live`)
VALUES
(1, 'Anne', 'Boomsma', 'kamperzand', '41', '1274HL', 'Huizen', '636008177', 'akrboomsma@hotmail.com', 1, 1),
(2, 'Freek', 'Broekstra', 'koninging Julianastraat', '63', '1271SL', 'Huizen', '633085111', 'freekbroek@outlook.com', 1,1),
(3, 'Cornelis', 'Dijk, van', 'Schaepmanlaan', '16', '1272GJ', 'Huizen', '621365725', 'cornelis@kruijdijk.nl', 1, 1),
(4, 'Benjamin', 'Goedhart', 'Ijsselmeerstraat', '90', '1271GH', 'Huizen', '612342041', 'bwggoedhart@gmail.com', 1, 1),
(5, 'Albert', 'Hogenbirk', 'Wagenweg', '23', '1276XW', 'Huizen', '651551996', 'albert_h_95@hotmail.com', 1, 1),
(6, 'Jurijan', 'Hogenbirk', 'Zenderlaan', '12', '1276EM', 'Huizen', '640105631', 'jurijan_hogenbrik@live.nl', 1, 1),
(7, 'Tim', 'Honing', 'Witte de Withstraat', '2', '1272BM', 'Huizen', '637356283', 'timhoning@kpnmail.nl', 1, 1),
(8, 'Lukas', 'Kooij', 'Jagersweg', '15', '1272AL', 'Huizen', '611078584', 'lukas_kooij@hotmail.com', 1, 1),
(9, 'Erwin', 'Kooij', 'Savornin Lomanlaan', '57', '1272HD', 'Huizen', '620012117', 'erwinkooij@hotmail.nl', 1, 1),
(10, 'Alexander', 'Kuipers', 'Jagersweg', '10', '1272AL', 'Huizen', '614475709', 'alexanderhkuipers@hotmail.com', 1, 1),
(11, 'Nathan', 'Mandemba', 'Gooierserf', '234', '1276KZ', 'Huizen', '615435304', 'ne.mandemba@gmail.com', 1, 1),
(12, 'Stefan', 'Schram', 'Antennestraat', '1', '1276SR', 'Huizen', '640073493', 'stefan@schramonline.nl', 1, 1),
(13, 'Frank', 'Moll', 'De Ruyterstraat', '57', '1271ST', 'Huizen', '641122058', 'frankmoll96@hotmail.com', 1, 1),
(14, 'Bert', 'Veerman', 'Driftweg', '48', '1411GV', 'Naarden', '640728120', 'bert-veerman@live.nl', 1, 1),
(15, 'Stijn', 'Velzen, van', 'Wildweg', '6', '1272AK', 'Huizen', '623192754', 'stijnvanvelzen99@gmail.com', 1, 1),
(16, 'Gerhard', 'Wessel', 'huizermaatweg', '8c', '1276LB', 'Huizen', '610737281', 'gerhard.svhuizen@hotmail.com', 1, 1),
(17, 'Derk', 'Westland', 'Doctor Kuyperlaan', '12', '1272HR', 'Huizen', '623515899', 'derkwestland@hotmail.com', 1, 1),
(18, 'Marnix', 'Wiesenekker', 'Ceintuurbaan', '8', '1271BH', 'Huizen', '621948328', 'marnixpw@hotmail.com', 1, 1),
(19, 'Jeffrey', 'As, van', 'Hoge Kampweg', '5', '1271HV', 'Huizen', '643150084', 'jeffreyvanas@live.nl', 1, 1),
(20, 'Anne-Will', 'Bakker', 'Vijfhoekstraat', '51', '1271PM', 'Huizen', '657778851', 'anne-willbakker@live.nl', 1, 1),
(21, 'Marcel', 'Blom', 'Lange straat', '56', '1271RC', 'Huizen', '620473199', 'marcel-97@live.nl', 1, 1),
(22, 'Jaap', 'Bout', 'Jan Steenlaan', '16', '1272HJ', 'Huizen', '683184732', 'jaapbout@hotmail.com', 1, 1),
(23, 'Wouter', 'Bunschoten', 'Oranje weeshuisstraat', '12', '1271VR', 'Huizen', '634006703', 'wouter_b@live.nl', 1, 1),
(24, 'Julian', 'Dijk, van', 'Scheapmanlaan', '16', '1272GJ', 'Huizen', '621337817', 'julian@kruijdijk.nl', 1, 1),
(25, 'Lucas', 'Esterik, van', 'Johannes Vermeerlaan', '7', '1272HL', 'Huizen', '631564660', 'lucasvanesterik@hotmail.com', 1, 1),
(26, 'Eline', 'Hogenbirk', 'Wagenweg', '23', '1276XW', 'Huizen', '630087957', 'eline.hogenbirk@hotmail.com', 1, 1),
(27, 'Janine', 'Hogenbirk', 'Zenderlaan', '12', '1276EM', 'Huizen', '612776197', 'jeh97@live.nl', 1, 1),
(28, 'Quinten', 'Kaaij, van der', 'Lepenlaan', '21', '1272HW', 'Huizen', '640945965', 'quintenvdkaaij@live.nl', 1, 1),
(29, 'Niek', 'Kirchner', 'Doctor de Visserlaan', '2', '1272GX', 'Huizen', '621198563', 'niekkirchner@hotmail.com', 1, 1),
(30, 'Gijs-Henk', 'Klein', 'Kon. Julianastraat', '43', '1271SK', 'Huizen', '616009414', 'gh@kleinfamily.nl', 1, 1),
(31, 'Laurens', 'Klijn', 'Augustinuslaan', '31', '1277AA', 'Huizen', '624966618', 'lautjeklijnie@hotmail.com', 1, 1),
(32, 'Iris', 'Veerman', 'Piersonlaan', '17', '1272JR', 'Huizen', '618103620', 'irisveerman96@gmail.com', 1, 1),
(33, 'Niels', 'Velzen, van', 'Wildweg', '6', '1272AK', 'Huizen', '623324916', 'nielsvanvelzen97@gmail.com', 1, 1),
(34, 'Stefanie', 'Zeeman', 'Engweg', '7', '1271BS', 'Huizen', '615547877', 'stefaniezeeman@hotmail.com', 1, 1),
(35, 'Joël', 'Beek, van de', 'Vijfhoekstraat', '31', '1271PL', 'Huizen', '641242290', 'jmvandebeek@outlook.com', 1, 1),
(36, 'Jesse', 'Bout', 'Waterstraat ', '3', '1271RP', 'Huizen', '638255327', 'jessebout@gmail.com', 1, 1),
(37, 'Floris', 'Esterik, van', 'Johannes Vermeerlaan', '7', '1272HL', 'Huizen', '642000746', 'florisvanesterik@hotmail.com', 1, 1),
(38, 'Frederique', 'Esterik, van', 'Johannes Vermeerlaan', '7', '1272HL', 'Huizen', '648769203', 'frederiquevanesterik@hotmail.com', 1, 1),
(39, 'Florentine', 'Kaaij, van der', 'Iepenlaan ', '21', '1272HW', 'Huizen', '636238895', 'fvdkaaij@hotmail.com', 1, 1),
(40, 'Anne-Maaike', 'Klein', 'Elleboogstraat', '2', '1271RG', 'Huizen', '647442343', 'anne-maaike@kleinfamily.nl', 1, 1),
(41, 'Benjamin', 'Klein', 'Kon. Julianastraat', '43', '1271SK', 'Huizen', '652491350', 'benjamin_klein14@hotmail.com', 1, 1),
(42, 'Rozemarijn', 'Kool', 'Landweg ', '14', '1276AS', 'Huizen', '620288343', 'rozemarijnkool@hotmail.com', 1, 1),
(43, 'Leonie', 'Kooy', 'Slangekruid', '19', '1273VK', 'Huizen', '618425011', 'leoniekooy@gmail.com', 1, 1),
(44, 'David', 'Kuipers', 'Jagersweg ', '10', '1272AL', 'Huizen', '622361811', 'Davidkuipers@hotmail.com', 1, 1),
(45, 'Hanna', 'Rebel', 'Schaarweg ', '43', '1276AE', 'Huizen', '685478440', 'hannarebel@hotmail.com', 1, 1),
(46, 'Ruben', 'Vilmen', 'Ijsbaankade', '129', '1271GC', 'Huizen', '681099656', 'vilmenruben@hotmail.com', 1, 1),
(47, 'Jurgen', 'Wessel, van', 'Disselweg', '3', '1276XS', 'Huizen', '640836154', 'jurgenvanwessel@hotmail.com', 1, 1),
(48, 'Carlijn', 'Wiesenekker', 'Lijzij ', '46', '1276GL', 'Huizen', '624573760', 'carlijngirlpower@hotmail.com', 1, 1),
(49, 'Lianne', 'Wiesenekker', 'Ceintuurbaan ', '8', '1271BH', 'Huizen', '642180873', 'liannewiesenekker@outlook.com', 1, 1);

UPDATE `instuif`.`leiding` SET `Tussenvoegsel` = 'van',  `Achternaam` = 'Velzen' WHERE `id`= 15;
UPDATE `instuif`.`leiding` SET `Tussenvoegsel` = 'van',  `Achternaam` = 'As' WHERE `id`= 19;
UPDATE `instuif`.`leiding` SET `Tussenvoegsel` = 'van',  `Achternaam` = 'Velzen' WHERE `id`= 33;
UPDATE `instuif`.`leiding` SET `Tussenvoegsel` = 'van de',  `Achternaam` = 'Beek' WHERE `id`= 35;
UPDATE `instuif`.`leiding` SET `Tussenvoegsel` = 'van',  `Achternaam` = 'Dijk' WHERE `id`= 24;
UPDATE `instuif`.`leiding` SET `Tussenvoegsel` = 'van',  `Achternaam` = 'Dijk' WHERE `id`= 3;
UPDATE `instuif`.`leiding` SET `Tussenvoegsel` = 'van',  `Achternaam` = 'Esterik' WHERE `id`= 38;
UPDATE `instuif`.`leiding` SET `Huisnummer`= 8, `Toevoegsel` = 'c' WHERE `id` = 16;


INSERT INTO `instuif`.`team_has_leiding` (`Team_id`, `Leiding_id`) VALUES
(1,1),
(1,2),
(1,4),
(1,5),
(1,6),
(1,7),
(1,8),
(1,9),
(1,10),
(1,11),
(1,12),
(1,13),
(1,14),
(1,15),
(1,16),
(1,17),
(1,18),
(2,19),
(2,20),
(2,21),
(2,22),
(2,23),
(2,24),
(2,25),
(2,26),
(2,27),
(2,28),
(2,29),
(2,30),
(2,31),
(2,32),
(2,33),
(2,34),
(3,35),
(3,36),
(3,37),
(3,38),
(3,39),
(3,40),
(3,41),
(3,42),
(3,43),
(3,44),
(3,45),
(3,46),
(3,47),
(3,48),
(3,49);